<?xml version="1.0" encoding="UTF-8"?>
<manifest xmlns:xsi="http://www.w3.org/2001/XMLSchema-instance"
          xmlns="http://www.imsproject.org/xsd/imscp_rootv1p1p2"
          xmlns:imsmd="http://www.imsglobal.org/xsd/imsmd_v1p2"
          identifier="MANIFEST-IntroToDBS"
          version="IMS CP 1.1"
          xsi:schemaLocation="http://www.imsproject.org/xsd/imscp_rootv1p1p2 http://www.imsproject.org/xsd/imscp_rootv1p1p2.xsd http://www.imsglobal.org/xsd/imsmd_v1p2 http://www.imsglobal.org/xsd/imsmd_v1p2p4.xsd">
   <metadata>
      <schema>IMS CONTENT</schema>
      <schemaversion>1.2.4</schemaversion>
      <lom xmlns="http://www.imsglobal.org/xsd/imsmd_rootv1p2p1">
         <general>
            <identifier>metadata-IntroToDBS</identifier>
            <title>
               <langstring xml:lang="en">Databases</langstring>
            </title>
            <language>en</language>
            <description>
               <langstring xml:lang="en">See summary within the lesson for a description of the content. </langstring>
            </description>
            <keyword>
               <langstring xml:lang="en">Database Management</langstring>
            </keyword>
            <keyword>
               <langstring xml:lang="en">Conceptual</langstring>
            </keyword>
            <keyword>
               <langstring xml:lang="en">Data (especially computer data)</langstring>
            </keyword>
            <keyword>
               <langstring xml:lang="en">Data and Database</langstring>
            </keyword>
            <keyword>
               <langstring xml:lang="en">Database Management System</langstring>
            </keyword>
            <keyword>
               <langstring xml:lang="en">Database System</langstring>
            </keyword>
            <keyword>
               <langstring xml:lang="en">Dimensions of Information</langstring>
            </keyword>
            <keyword>
               <langstring xml:lang="en">Information System</langstring>
            </keyword>
            <keyword>
               <langstring xml:lang="en">Information</langstring>
            </keyword>
            <keyword>
               <langstring xml:lang="en">Geoinformation System</langstring>
            </keyword>
            <keyword>
               <langstring xml:lang="en">Geodata</langstring>
            </keyword>
            <keyword>
               <langstring xml:lang="en">Metadata</langstring>
            </keyword>
            <keyword>
               <langstring xml:lang="en">Redundancy</langstring>
            </keyword>
            <keyword>
               <langstring xml:lang="en">Structured Data</langstring>
            </keyword>
            <keyword>
               <langstring xml:lang="en">Syntax</langstring>
            </keyword>
            <structure>
               <source>
                  <langstring xml:lang="x-none">LOMv1.0</langstring>
               </source>
               <value>
                  <langstring xml:lang="x-none">Linear</langstring>
               </value>
            </structure>
            <aggregationlevel>
               <source>
                  <langstring xml:lang="x-none">LOMv1.0</langstring>
               </source>
               <value>
                  <langstring xml:lang="x-none">3</langstring>
               </value>
            </aggregationlevel>
         </general>
         <lifecycle>
            <version>
               <langstring xml:lang="en">2 (created: 2003-03-31/modified: 6.2.2012)</langstring>
            </version>
            <status>
               <source>
                  <langstring xml:lang="en">eLML description</langstring>
               </source>
               <value>
                  <langstring xml:lang="en">see original version (german)</langstring>
               </value>
            </status>
            <contribute>
               <role>
                  <source>
                     <langstring xml:lang="en">eLML description</langstring>
                  </source>
                  <value>
                     <langstring xml:lang="en">Overall: </langstring>
                  </value>
               </role>
               <centity>
                  <vcard> BEGIN:VCARD N;CHARSET=UTF-8:Bleisch;Susanne;;; FN;CHARSET=UTF-8:Susanne Bleisch ORG:FHNW; IVGI EMAIL;INTERNET:susanne.bleisch@fhnw.ch END:VCARD </vcard>
               </centity>
            </contribute>
            <contribute>
               <role>
                  <source>
                     <langstring xml:lang="en">eLML description</langstring>
                  </source>
                  <value>
                     <langstring xml:lang="en">Overall: Mainly concepts and corrections</langstring>
                  </value>
               </role>
               <centity>
                  <vcard> BEGIN:VCARD N;CHARSET=UTF-8:Nebiker;Stephan;;; FN;CHARSET=UTF-8:Stephan Nebiker ORG:FHNW; IVGI EMAIL;INTERNET:stephan.nebiker@fhnw.ch END:VCARD </vcard>
               </centity>
            </contribute>
            <contribute>
               <role>
                  <source>
                     <langstring xml:lang="en">eLML description</langstring>
                  </source>
                  <value>
                     <langstring xml:lang="en">Revision: First version
			            of the translation German to English</langstring>
                  </value>
               </role>
               <centity>
                  <vcard> BEGIN:VCARD N;CHARSET=UTF-8:Bleisch;Susanne;;; FN;CHARSET=UTF-8:Susanne Bleisch ORG:FHNW; IVGI EMAIL;INTERNET:susanne.bleisch@fhnw.ch END:VCARD </vcard>
               </centity>
            </contribute>
            <contribute>
               <role>
                  <source>
                     <langstring xml:lang="en">eLML description</langstring>
                  </source>
                  <value>
                     <langstring xml:lang="en">Revision: Update for version 2 (eLML and
			            CC)</langstring>
                  </value>
               </role>
               <centity>
                  <vcard> BEGIN:VCARD N;CHARSET=UTF-8:Bleisch;Susanne;;; FN;CHARSET=UTF-8:Susanne Bleisch ORG:FHNW; IVGI EMAIL;INTERNET:susanne.bleisch@fhnw.ch END:VCARD </vcard>
               </centity>
            </contribute>
         </lifecycle>
         <metametadata>
            <metadatascheme>LOMv1.0</metadatascheme>
            <language>en</language>
         </metametadata>
         <technical>
            <format>IMS CP v1.1.3 Reader</format>
            <format>text/html</format>
            <format>image/gif</format>
            <format>image/jpeg</format>
            <format>application/x-shockwave-flash</format>
            <size>0</size>
            <location type="URI">http://www.gitta.info/IntroToDBS/en</location>
            <requirement>
               <type>
                  <source>
                     <langstring xml:lang="x-none">LOMv1.0</langstring>
                  </source>
                  <value>
                     <langstring xml:lang="x-none">Operating System</langstring>
                  </value>
               </type>
               <name>
                  <source>
                     <langstring xml:lang="x-none">LOMv1.0</langstring>
                  </source>
                  <value>
                     <langstring xml:lang="x-none">Multi-OS</langstring>
                  </value>
               </name>
            </requirement>
            <requirement>
               <type>
                  <source>
                     <langstring xml:lang="x-none">LOMv1.0</langstring>
                  </source>
                  <value>
                     <langstring xml:lang="x-none">Browser</langstring>
                  </value>
               </type>
               <name>
                  <source>
                     <langstring xml:lang="x-none">LOMv1.0</langstring>
                  </source>
                  <value>
                     <langstring xml:lang="x-none">Any</langstring>
                  </value>
               </name>
               <minimumversion>XHTML 1.0 Compatible, including Flash Plugin</minimumversion>
            </requirement>
            <requirement>
               <type>
                  <source>
                     <langstring xml:lang="x-none">LOMv1.0</langstring>
                  </source>
                  <value>
                     <langstring xml:lang="x-none">None</langstring>
                  </value>
               </type>
               <name>
                  <source>
                     <langstring xml:lang="x-none">LOMv1.0</langstring>
                  </source>
                  <value>
                     <langstring xml:lang="x-none">Flash</langstring>
                  </value>
               </name>
               <minimumversion>6.0 (MX)</minimumversion>
            </requirement>
            <installationremarks>
               <langstring xml:lang="en">The Macromedia website might give help when having trouble
					installing the flash plugin.</langstring>
            </installationremarks>
         </technical>
         <educational>
            <interactivitytype>
               <source>
                  <langstring xml:lang="x-none">LOMv1.0</langstring>
               </source>
               <value>
                  <langstring xml:lang="x-none">Mixed</langstring>
               </value>
            </interactivitytype>
            <learningresourcetype>
               <source>
                  <langstring xml:lang="x-none">LOMv1.0</langstring>
               </source>
               <value>
                  <langstring xml:lang="x-none">IMS</langstring>
               </value>
            </learningresourcetype>
            <intendedenduserrole>
               <source>
                  <langstring xml:lang="x-none">LOMv1.0</langstring>
               </source>
               <value>
                  <langstring xml:lang="x-none">Learner</langstring>
               </value>
            </intendedenduserrole>
            <context>
               <source>
                  <langstring xml:lang="x-none">LOMv1.0</langstring>
               </source>
               <value>
                  <langstring xml:lang="x-none">Higher Education</langstring>
               </value>
            </context>
            <typicalagerange>
               <langstring xml:lang="en">18-99</langstring>
            </typicalagerange>
            <difficulty>
               <source>
                  <langstring xml:lang="x-none">LOMv1.0</langstring>
               </source>
               <value>
                  <langstring xml:lang="x-none">Medium</langstring>
               </value>
            </difficulty>
            <typicallearningtime>
               <datetime>3 h</datetime>
            </typicallearningtime>
            <description>
               <langstring xml:lang="en">Average value from the tests with FHBB students in February
					2003</langstring>
            </description>
            <language>en</language>
         </educational>
         <rights>
            <cost>
               <source>
                  <langstring xml:lang="x-none">LOMv1.0</langstring>
               </source>
               <value>
                  <langstring xml:lang="x-none">no</langstring>
               </value>
            </cost>
            <copyrightandotherrestrictions>
               <source>
                  <langstring xml:lang="x-none">LOMv1.0</langstring>
               </source>
               <value>
                  <langstring xml:lang="x-none">yes</langstring>
               </value>
            </copyrightandotherrestrictions>
            <description>
               <langstring xml:lang="en">GITTA 2000-2005</langstring>
            </description>
         </rights>
         <relation>
            <kind>
               <source>
                  <langstring xml:lang="x-none">LOMv1.0</langstring>
               </source>
               <value>
                  <langstring xml:lang="x-none">IsBasedOn</langstring>
               </value>
            </kind>
            <resource>
               <identifier>none</identifier>
               <description>
                  <langstring xml:lang="en">This lessons previous lesson is: none</langstring>
               </description>
               <catalogentry>
                  <catalog>eLML lesson</catalog>
                  <entry>
                     <langstring xml:lang="en">none</langstring>
                  </entry>
               </catalogentry>
            </resource>
         </relation>
         <relation>
            <kind>
               <source>
                  <langstring xml:lang="x-none">LOMv1.0</langstring>
               </source>
               <value>
                  <langstring xml:lang="x-none">IsBasisFor</langstring>
               </value>
            </kind>
            <resource>
               <identifier>DBSysConcept</identifier>
               <description>
                  <langstring xml:lang="en">This lessons is followed by lesson: DBSysConcept</langstring>
               </description>
               <catalogentry>
                  <catalog>eLML lesson</catalog>
                  <entry>
                     <langstring xml:lang="en">DBSysConcept</langstring>
                  </entry>
               </catalogentry>
            </resource>
         </relation>
         <classification>
            <purpose>
               <source>
                  <langstring xml:lang="x-none">LOMv1.0</langstring>
               </source>
               <value>
                  <langstring xml:lang="x-none">Discipline</langstring>
               </value>
            </purpose>
            <taxonpath>
               <source>
                  <langstring xml:lang="x-none">eLML</langstring>
               </source>
               <taxon>
                  <entry>
                     <langstring xml:lang="x-none">Basic DM IntroToDBS</langstring>
                  </entry>
               </taxon>
            </taxonpath>
         </classification>
      </lom>
   </metadata>
   <organizations>
      <organization identifier="IntroToDBS">
         <title>Databases</title>
         <item identifier="ITEM-d8e1" identifierref="RES-d8e1">
            <title>Introduction DBS</title>
            <item identifier="ITEM-d8e24" identifierref="RES-d8e24">
               <title>Definition of Terms</title>
               <item identifier="ITEM-d8e28" identifierref="RES-d8e28">
                  <title>Data vs. Information</title>
               </item>
               <item identifier="ITEM-d8e74" identifierref="RES-d8e74">
                  <title>Components IS</title>
               </item>
            </item>
            <item identifier="ITEM-d8e108" identifierref="RES-d8e108">
               <title>Characteristics</title>
               <item identifier="ITEM-d8e122" identifierref="RES-d8e122">
                  <title>Concurrent Use</title>
               </item>
               <item identifier="ITEM-d8e142" identifierref="RES-d8e142">
                  <title>Structured Data</title>
               </item>
               <item identifier="ITEM-d8e160" identifierref="RES-d8e160">
                  <title>Separation of Data and Applications</title>
               </item>
               <item identifier="ITEM-d8e176" identifierref="RES-d8e176">
                  <title>Data Integrity</title>
               </item>
               <item identifier="ITEM-d8e189" identifierref="RES-d8e189">
                  <title>Transactions</title>
               </item>
               <item identifier="ITEM-d8e201" identifierref="RES-d8e201">
                  <title>Data Persistence</title>
               </item>
               <item identifier="ITEM-d8e210" identifierref="RES-d8e210">
                  <title>Data Views</title>
               </item>
            </item>
            <item identifier="ITEM-d8e224" identifierref="RES-d8e224">
               <title>Example Applications</title>
               <item identifier="ITEM-d8e235" identifierref="RES-d8e235">
                  <title>Bank Accounts</title>
               </item>
               <item identifier="ITEM-d8e259" identifierref="RES-d8e259">
                  <title>Timetables</title>
               </item>
               <item identifier="ITEM-d8e285" identifierref="RES-d8e285">
                  <title>Library Catalogue</title>
               </item>
               <item identifier="ITEM-d8e328" identifierref="RES-d8e328">
                  <title>Geodata-Warehouse</title>
               </item>
               <item identifier="ITEM-d8e365" identifierref="RES-d8e365">
                  <title>Exercise</title>
               </item>
            </item>
            <item identifier="ITEM-d8e372" identifierref="RES-d8e372">
               <title>Advantages and Disadvantages</title>
               <item identifier="ITEM-d8e376" identifierref="RES-d8e376">
                  <title>Vergleich</title>
               </item>
               <item identifier="ITEM-d8e395" identifierref="RES-d8e395">
                  <title>Advantages of a DBMS</title>
               </item>
               <item identifier="ITEM-d8e434" identifierref="RES-d8e434">
                  <title>Disadvantages of a DBMS</title>
               </item>
            </item>
            <item identifier="ITEM-d8e446" identifierref="RES-d8e446">
               <title>Tasks</title>
            </item>
            <item identifier="ITEM-d8e456" identifierref="RES-d8e456">
               <title>Summary</title>
            </item>
            <item identifier="ITEM-d8e461" identifierref="RES-d8e461">
               <title>Recommended Reading</title>
            </item>
            <item identifier="ITEM-d8e464" identifierref="RES-d8e464">
               <title>Glossary</title>
            </item>
            <item identifier="ITEM-d8e495" identifierref="RES-d8e495">
               <title>Bibliography</title>
            </item>
            <item identifier="ITEM-d8e505" identifierref="RES-d8e505">
               <title>Metadata</title>
            </item>
         </item>
      </organization>
   </organizations>
   <resources>
      <resource identifier="RES-d8e1" type="webcontent" href="IntroToDBS/en/html/index.html"/>
      <resource identifier="RES-d8e24" type="webcontent"
                href="IntroToDBS/en/html/unit_DefinOfTerms.html"/>
      <resource identifier="RES-d8e28" type="webcontent"
                href="IntroToDBS/en/html/DefinOfTerms_dataAndInfo.html"/>
      <resource identifier="RES-d8e74" type="webcontent"
                href="IntroToDBS/en/html/DefinOfTerms_learningObject2.html"/>
      <resource identifier="RES-d8e108" type="webcontent"
                href="IntroToDBS/en/html/unit_DBApproaChar.html"/>
      <resource identifier="RES-d8e122" type="webcontent"
                href="IntroToDBS/en/html/DBApproaChar_mehrfachn.html"/>
      <resource identifier="RES-d8e142" type="webcontent"
                href="IntroToDBS/en/html/DBApproaChar_struktDaten.html"/>
      <resource identifier="RES-d8e160" type="webcontent"
                href="IntroToDBS/en/html/DBApproaChar_trennDataApp.html"/>
      <resource identifier="RES-d8e176" type="webcontent"
                href="IntroToDBS/en/html/DBApproaChar_dataint.html"/>
      <resource identifier="RES-d8e189" type="webcontent"
                href="IntroToDBS/en/html/DBApproaChar_transakt.html"/>
      <resource identifier="RES-d8e201" type="webcontent"
                href="IntroToDBS/en/html/DBApproaChar_datapersis.html"/>
      <resource identifier="RES-d8e210" type="webcontent"
                href="IntroToDBS/en/html/DBApproaChar_datensichten.html"/>
      <resource identifier="RES-d8e224" type="webcontent"
                href="IntroToDBS/en/html/unit_ExamplesApps.html"/>
      <resource identifier="RES-d8e235" type="webcontent"
                href="IntroToDBS/en/html/ExamplesApps_learningObject1.html"/>
      <resource identifier="RES-d8e259" type="webcontent"
                href="IntroToDBS/en/html/ExamplesApps_learningObject2.html"/>
      <resource identifier="RES-d8e285" type="webcontent"
                href="IntroToDBS/en/html/ExamplesApps_learningObject3.html"/>
      <resource identifier="RES-d8e328" type="webcontent"
                href="IntroToDBS/en/html/ExamplesApps_learningObject4.html"/>
      <resource identifier="RES-d8e365" type="webcontent"
                href="IntroToDBS/en/html/ExamplesApps_selfAssessment5.html"/>
      <resource identifier="RES-d8e372" type="webcontent"
                href="IntroToDBS/en/html/unit_AdvantDisadv.html"/>
      <resource identifier="RES-d8e376" type="webcontent"
                href="IntroToDBS/en/html/AdvantDisadv_learningObject1.html"/>
      <resource identifier="RES-d8e395" type="webcontent"
                href="IntroToDBS/en/html/AdvantDisadv_learningObject2.html"/>
      <resource identifier="RES-d8e434" type="webcontent"
                href="IntroToDBS/en/html/AdvantDisadv_learningObject3.html"/>
      <resource identifier="RES-d8e446" type="webcontent"
                href="IntroToDBS/en/html/IntroToDBS_selfAssessment1.html"/>
      <resource identifier="RES-d8e456" type="webcontent"
                href="IntroToDBS/en/html/IntroToDBS_summary.html"/>
      <resource identifier="RES-d8e461" type="webcontent"
                href="IntroToDBS/en/html/IntroToDBS_furtherReading.html"/>
      <resource identifier="RES-d8e464" type="webcontent"
                href="IntroToDBS/en/html/IntroToDBS_glossary.html"/>
      <resource identifier="RES-d8e495" type="webcontent"
                href="IntroToDBS/en/html/IntroToDBS_bibliography.html"/>
      <resource identifier="RES-d8e505" type="webcontent"
                href="IntroToDBS/en/html/IntroToDBS_metadata.html"/>
   </resources>
</manifest>