<?xml version="1.0" encoding="UTF-8"?>
<lom xmlns="http://ltsc.ieee.org/xsd/LOM"
    xmlns:xsi="http://www.w3.org/2001/XMLSchema-instance" xsi:schemaLocation="http://ltsc.ieee.org/xsd/LOM lomCustom.xsd">
    <general uniqueElementName="general">
        <identifier>
            <catalog uniqueElementName="catalog">Plataforma Agrega</catalog>
            <entry uniqueElementName="entry">ODE-b4a1b169-78ba-3482-91af-48c4230815fd</entry>
        </identifier>
        <identifier>
            <catalog uniqueElementName="catalog">Mi catálogo</catalog>
            <entry uniqueElementName="entry">517ee01d-e873-4af7-b567-ff81ca9b2536</entry>
        </identifier>
        <identifier>
            <catalog uniqueElementName="catalog">Catálogo unificado mec-red.es-ccaa de identificación de ODE</catalog>
            <entry uniqueElementName="entry">es_2016062312_9100647</entry>
        </identifier>
        <title uniqueElementName="title">
            <string language="es">Evento's Solutions, servicios integrales (ESSI)</string>
        </title>
        <language>es</language>
        <description>
            <string language="es">Recurso Educativo Abierto basado en metodología ABP vinculado al estudio del bloque 2 de Matemáticas en Primer Ciclo de Secundaria. Números y Álgebra del currículo de Secundaria.</string>
        </description>
        <keyword>
            <string language="es">cedec</string>
        </keyword>
        <keyword>
            <string language="es">rea</string>
        </keyword>
        <keyword>
            <string language="es">proyecto edia</string>
        </keyword>
        <keyword>
            <string language="es">matemáticas</string>
        </keyword>
        <keyword>
            <string language="es">números</string>
        </keyword>
        <keyword>
            <string language="es">álgebra</string>
        </keyword>
        <keyword>
            <string language="es">abp</string>
        </keyword>
        <keyword>
            <string language="es">emprendimiento</string>
        </keyword>
        <keyword>
            <string language="es">empresa</string>
        </keyword>
        <aggregationLevel uniqueElementName="aggregationLevel">
            <source uniqueElementName="source">LOM-ESv1.0</source>
            <value uniqueElementName="value">2</value>
        </aggregationLevel>
    </general>
    <lifeCycle uniqueElementName="lifeCycle">
        <contribute>
            <role uniqueElementName="role">
                <source uniqueElementName="source">LOM-ESv1.0</source>
                <value uniqueElementName="value">publisher</value>
            </role>
            <entity>BEGIN:VCARD VERSION:3.0 FN: miguelpereira.ite@gmail.com EMAIL;TYPE=INTERNET:  ORG: Plataforma Agrega</entity>
            <date uniqueElementName="date">
                <dateTime uniqueElementName="dateTime">2016-06-23T10:06:48.368Z</dateTime>
                <description>
                    <string>Fecha de publicación en Agrega</string>
                </description>
            </date>
        </contribute>
        <contribute>
            <role uniqueElementName="role">
                <source uniqueElementName="source">LOM-ESv1.0</source>
                <value uniqueElementName="value">author</value>
            </role>
            <entity>BEGIN:VCARD VERSION:3.0 FN: miguelpereira.ite@gmail.com EMAIL;TYPE=INTERNET: ORG: Plataforma Agrega-WebSemantica</entity>
            <date uniqueElementName="date">
                <dateTime uniqueElementName="dateTime">2016-06-23T10:06:46.814Z</dateTime>
                <description>
                    <string>Fecha de creación en Agrega</string>
                </description>
            </date>
        </contribute>
        <contribute>
            <role uniqueElementName="role">
                <source uniqueElementName="source">LOM-ESv1.0</source>
                <value uniqueElementName="value">author</value>
            </role>
            <entity>BEGIN:VCARD VERSION:3.0 FN:Luis Miguel Iglesias Albarrán EMAIL;TYPE=INTERNET: ORG: END:VCARD</entity>
            <date uniqueElementName="date">
                <dateTime uniqueElementName="dateTime">2016-06-02T13:01:15.00+02:00</dateTime>
                <description>
                    <string language="es">Fecha de creación de los metadatos</string>
                </description>
            </date>
        </contribute>
    </lifeCycle>
    <metaMetadata uniqueElementName="metaMetadata">
        <identifier>
            <catalog uniqueElementName="catalog">Plataforma Agrega</catalog>
            <entry uniqueElementName="entry">ODE-b4a1b169-78ba-3482-91af-48c4230815fd-meta</entry>
        </identifier>
        <contribute>
            <role uniqueElementName="role">
                <source uniqueElementName="source">LOM-ESv1.0</source>
                <value uniqueElementName="value">creator</value>
            </role>
            <entity>BEGIN:VCARD VERSION:3.0 FN:Luis Miguel Iglesias Albarrán EMAIL;TYPE=INTERNET: ORG: END:VCARD</entity>
            <date uniqueElementName="date">
                <dateTime uniqueElementName="dateTime">2016-06-02T13:01:15.00+02:00</dateTime>
                <description>
                    <string language="es">Fecha de creación de los metadatos</string>
                </description>
            </date>
        </contribute>
        <metadataSchema>LOM-ESv1.0</metadataSchema>
        <language>es</language>
    </metaMetadata>
    <technical uniqueElementName="technical">
        <location>http://agrega.educacion.es/ODE/es/es_2016062312_9100647</location>
        <otherPlatformRequirements>
            <string language="es">editor: eXe Learning</string>
        </otherPlatformRequirements>
    </technical>
    <educational>
        <learningResourceType>
            <source uniqueElementName="source">LOM-ESv1.0</source>
            <value uniqueElementName="value">real project</value>
        </learningResourceType>
        <intendedEndUserRole>
            <source uniqueElementName="source">LOM-ESv1.0</source>
            <value uniqueElementName="value">learner</value>
        </intendedEndUserRole>
        <context>
            <source uniqueElementName="source">LOM-ESv1.0</source>
            <value uniqueElementName="value">presencial</value>
        </context>
        <context>
            <source uniqueElementName="source">LOM-ESv1.0</source>
            <value uniqueElementName="value">classroom</value>
        </context>
        <description>
            <string language="es">OBJETIVOS: Está pensado para trabajar contenidos de 1º y 2º de ESO de los distintos bloques de números, conocimiento, interpretación y uso en contextos reales y situaciones problemáticas de la vida cotidiana. Asimismo se trabaja proporcionalidad para elaboración de planos a escalas, superficies de figuras planas y cálculo de la media aritmética. Además, su concepción permite darle a esta propuesta didáctica un enfoque interdisciplinar que suponga la inclusión de objetivos, contenidos y propuestas de otras materias como Lengua Castellana (requiere niveles importantes de comprensión lectora), Plástica (trabajo con murales virtuales, elaboración de planos a escala, anuncios publicitarios), Informática (distintas herramientas y servicios web)...</string>
        </description>
        <description>
            <string language="es">CONOCIMIENTO PREVIO: No es necesario ninguno. El docente encuentra todas las guías y orientaciones para poder aplicar de manera exitosa los materiales y las propuestas didácticas.</string>
        </description>
        <language>es</language>
    </educational>
    <rights uniqueElementName="rights">
        <copyrightAndOtherRestrictions uniqueElementName="copyrightAndOtherRestrictions">
            <source uniqueElementName="source">LOM-ESv1.0</source>
            <value uniqueElementName="value">creative commons: attribution - share alike</value>
        </copyrightAndOtherRestrictions>
        <access uniqueElementName="access">
            <accessType uniqueElementName="accessType">
                <source uniqueElementName="source">LOM-ESv1.0</source>
                <value uniqueElementName="value">universal</value>
            </accessType>
            <description>
                <string>es_andalucia_20090324,es_aragon_20080930,es_baleares_200907131205,es_canarias_20090114,es_cantabria_20081215,es_clm_20091103121523455,es_castillayleon_201002241811,es_euskadi_20100423,es_extremadura_20111222,galicia20091006,es_larioja_20081107,es_{nodo}_20080923,es_na_90348943,es_valencia_201101241416,es_cnice_20080623</string>
            </description>
        </access>
    </rights>
    <classification>
        <purpose uniqueElementName="purpose">
            <source uniqueElementName="source">LOM-ESv1.0</source>
            <value uniqueElementName="value">educational level</value>
        </purpose>
        <taxonPath>
            <source uniqueElementName="source">
                <string language="es">Nivel educativo LOM-ESv1.0</string>
            </source>
            <taxon>
                <id uniqueElementName="id">4</id>
                <entry>
                    <string language="es">Educación Secundaria Obligatoria</string>
                </entry>
            </taxon>
            <taxon>
                <id uniqueElementName="id">4.1</id>
                <entry>
                    <string language="es">Primer curso</string>
                </entry>
            </taxon>
        </taxonPath>
        <taxonPath>
            <source uniqueElementName="source">
                <string language="es">Nivel educativo LOM-ESv1.0</string>
            </source>
            <taxon>
                <id uniqueElementName="id">4</id>
                <entry>
                    <string language="es">Educación Secundaria Obligatoria</string>
                </entry>
            </taxon>
            <taxon>
                <id uniqueElementName="id">4.2</id>
                <entry>
                    <string language="es">Segundo curso</string>
                </entry>
            </taxon>
        </taxonPath>
    </classification>
    <classification>
        <purpose uniqueElementName="purpose">
            <source uniqueElementName="source">LOM-ESv1.0</source>
            <value uniqueElementName="value">discipline</value>
        </purpose>
        <taxonPath>
            <source uniqueElementName="source">
                <string language="es">Árbol curricular LOE 2006</string>
            </source>
            <taxon>
                <id uniqueElementName="id">3</id>
                <entry>
                    <string language="es">Educación Secundaria Obligatoria</string>
                </entry>
            </taxon>
            <taxon>
                <id uniqueElementName="id">3.1</id>
                <entry>
                    <string language="es">Primer curso</string>
                </entry>
            </taxon>
            <taxon>
                <id uniqueElementName="id">3.1.7</id>
                <entry>
                    <string language="es">Matemáticas</string>
                </entry>
            </taxon>
            <taxon>
                <id uniqueElementName="id">3.1.7.2</id>
                <entry>
                    <string language="es">Números</string>
                </entry>
            </taxon>
        </taxonPath>
        <taxonPath>
            <source uniqueElementName="source">
                <string language="es">Árbol curricular LOE 2006</string>
            </source>
            <taxon>
                <id uniqueElementName="id">3</id>
                <entry>
                    <string language="es">Educación Secundaria Obligatoria</string>
                </entry>
            </taxon>
            <taxon>
                <id uniqueElementName="id">3.1</id>
                <entry>
                    <string language="es">Primer curso</string>
                </entry>
            </taxon>
            <taxon>
                <id uniqueElementName="id">3.1.7</id>
                <entry>
                    <string language="es">Matemáticas</string>
                </entry>
            </taxon>
            <taxon>
                <id uniqueElementName="id">3.1.7.3</id>
                <entry>
                    <string language="es">Álgebra</string>
                </entry>
            </taxon>
        </taxonPath>
        <taxonPath>
            <source uniqueElementName="source">
                <string language="es">Árbol curricular LOE 2006</string>
            </source>
            <taxon>
                <id uniqueElementName="id">3</id>
                <entry>
                    <string language="es">Educación Secundaria Obligatoria</string>
                </entry>
            </taxon>
            <taxon>
                <id uniqueElementName="id">3.2</id>
                <entry>
                    <string language="es">Segundo curso</string>
                </entry>
            </taxon>
            <taxon>
                <id uniqueElementName="id">3.2.7</id>
                <entry>
                    <string language="es">Matemáticas</string>
                </entry>
            </taxon>
            <taxon>
                <id uniqueElementName="id">3.2.7.2</id>
                <entry>
                    <string language="es">Números y álgebra</string>
                </entry>
            </taxon>
        </taxonPath>
        <taxonPath>
            <source uniqueElementName="source">
                <string language="es">Árbol curricular LOE 2006</string>
            </source>
            <taxon>
                <id uniqueElementName="id">3</id>
                <entry>
                    <string language="es">Educación Secundaria Obligatoria</string>
                </entry>
            </taxon>
            <taxon>
                <id uniqueElementName="id">3.2</id>
                <entry>
                    <string language="es">Segundo curso</string>
                </entry>
            </taxon>
            <taxon>
                <id uniqueElementName="id">3.2.7</id>
                <entry>
                    <string language="es">Matemáticas</string>
                </entry>
            </taxon>
            <taxon>
                <id uniqueElementName="id">3.2.7.3</id>
                <entry>
                    <string language="es">Álgebra</string>
                </entry>
            </taxon>
        </taxonPath>
    </classification>
    <classification>
        <purpose uniqueElementName="purpose">
            <source uniqueElementName="source">LOM-ESv1.0</source>
            <value uniqueElementName="value">competency</value>
        </purpose>
        <taxonPath>
            <source uniqueElementName="source">
                <string language="es">Competencia LOM-ESv1.0</string>
            </source>
            <taxon>
                <id uniqueElementName="id">2</id>
                <entry>
                    <string language="es">Competencias Académicas</string>
                </entry>
            </taxon>
            <taxon>
                <id uniqueElementName="id">2.20</id>
                <entry>
                    <string language="es">Utilizar las TIC de manera segura y crítica</string>
                </entry>
            </taxon>
        </taxonPath>
        <taxonPath>
            <source uniqueElementName="source">
                <string language="es">Competencia LOM-ESv1.0</string>
            </source>
            <taxon>
                <id uniqueElementName="id">1</id>
                <entry>
                    <string language="es">Competencias Generales y Personales</string>
                </entry>
            </taxon>
            <taxon>
                <id uniqueElementName="id">1.12</id>
                <entry>
                    <string language="es">Espíritu de empresa</string>
                </entry>
            </taxon>
        </taxonPath>
        <taxonPath>
            <source uniqueElementName="source">
                <string language="es">Competencia LOM-ESv1.0</string>
            </source>
            <taxon>
                <id uniqueElementName="id">3</id>
                <entry>
                    <string language="es">Competencias Sociales y de Trabajo en Equipo</string>
                </entry>
            </taxon>
            <taxon>
                <id uniqueElementName="id">3.9</id>
                <entry>
                    <string language="es">Trabajar y/o aprender con otros</string>
                </entry>
            </taxon>
        </taxonPath>
    </classification>
</lom>
