<?xml version="1.0" encoding="UTF-8"?>
<manifest xmlns="http://www.imsglobal.org/xsd/imscp_v1p1"
          xmlns:xsi="http://www.w3.org/2001/XMLSchema-instance"
          xsi:schemaLocation="http://www.imsglobal.org/xsd/imscp_v1p1 imscp_v1p1.xsd  http://ltsc.ieee.org/xsd/LOM lomCustom.xsd"
          identifier="ODE-b4a1b169-78ba-3482-91af-48c4230815fd">
   <metadata>
      <schema>IMS Content</schema>
      <schemaversion>1.1.4</schemaversion>
   </metadata>
   <organizations default="eXeESSI_V055720a70e222607962f42">
      <organization identifier="eXeESSI_V055720a70e222607962f42" structure="hierarchical">
         <title>Evento's Solutions, servicios integrales (ESSI)</title>
         <item identifier="ITEM-eXeESSI_V055720a70e222607962f43"
               identifierref="RES-eXeESSI_V055720a70e222607962f44"
               isvisible="true">
            <title>Evento's Solutions, servicios integrales (ESSI)</title>
            <item identifier="ITEM-eXeESSI_V055720a70e222607962f45"
                  identifierref="RES-eXeESSI_V055720a70e222607962f46"
                  isvisible="true">
               <title>El origen del proyecto</title>
            </item>
            <item identifier="ITEM-eXeESSI_V055720a70e222607963147"
                  identifierref="RES-eXeESSI_V055720a70e222607963148"
                  isvisible="true">
               <title>El salón de celebraciones</title>
            </item>
            <item identifier="ITEM-eXeESSI_V055720a70e222607963249"
                  identifierref="RES-eXeESSI_V055720a70e22260796324a"
                  isvisible="true">
               <title>Material para el catering</title>
            </item>
            <item identifier="ITEM-eXeESSI_V055720a70e22260796334b"
                  identifierref="RES-eXeESSI_V055720a70e22260796334c"
                  isvisible="true">
               <title>Captando clientes</title>
            </item>
            <item identifier="ITEM-eXeESSI_V055720a70e22260796344d"
                  identifierref="RES-eXeESSI_V055720a70e22260796344e"
                  isvisible="true">
               <title>Poniendo la guinda al pastel</title>
            </item>
            <item identifier="ITEM-eXeESSI_V055720a70e22260796354f"
                  identifierref="RES-eXeESSI_V055720a70e222607963550"
                  isvisible="true">
               <title>Guía didáctica del proyecto</title>
            </item>
         </item>
      </organization>
   </organizations>
   <resources>
      <resource identifier="RES-eXeESSI_V055720a70e222607962f44" type="webcontent"
                href="index.html">
         <file href="index.html"/>
         <file href="exe_html5.js"/>
         <file href="88x31.png"/>
         <file href="entrepreneur-1103718_1920.jpg"/>
         <dependency identifierref="COMMON_FILES"/>
      </resource>
      <resource identifier="RES-eXeESSI_V055720a70e222607962f46" type="webcontent"
                href="el_origen_del_proyecto.html">
         <file href="el_origen_del_proyecto.html"/>
         <file href="exe_html5.js"/>
         <file href="writing-427527_1920.jpg"/>
         <file href="people-1230872_1280.jpg"/>
         <file href="classroom-1189988_1920.jpg"/>
         <file href="videoenlace.png"/>
         <file href="common.js"/>
         <file href="exe_effects.js"/>
         <file href="exe_effects.css"/>
         <dependency identifierref="COMMON_FILES"/>
      </resource>
      <resource identifier="RES-eXeESSI_V055720a70e222607963148" type="webcontent"
                href="el_saln_de_celebraciones.html">
         <file href="el_saln_de_celebraciones.html"/>
         <file href="exe_html5.js"/>
         <file href="affair-1238434_1920.jpg"/>
         <file href="writing-427527_1920.jpg"/>
         <file href="tape-measure.jpg"/>
         <file href="wedding-banquet.jpg"/>
         <file href="common.js"/>
         <file href="jquery.qtip.min.css"/>
         <file href="imagesloaded.pkg.min.js"/>
         <file href="jquery.qtip.min.js"/>
         <file href="exe_tooltips.js"/>
         <dependency identifierref="COMMON_FILES"/>
      </resource>
      <resource identifier="RES-eXeESSI_V055720a70e22260796324a" type="webcontent"
                href="material_para_el_catering.html">
         <file href="material_para_el_catering.html"/>
         <file href="exe_html5.js"/>
         <file href="writing-427527_1920.jpg"/>
         <file href="common.js"/>
         <file href="wedding-785350_1280.jpg"/>
         <file href="jquery.qtip.min.css"/>
         <file href="imagesloaded.pkg.min.js"/>
         <file href="jquery.qtip.min.js"/>
         <file href="exe_tooltips.js"/>
         <dependency identifierref="COMMON_FILES"/>
      </resource>
      <resource identifier="RES-eXeESSI_V055720a70e22260796334c" type="webcontent"
                href="captando_clientes.html">
         <file href="captando_clientes.html"/>
         <file href="exe_html5.js"/>
         <file href="writing-427527_1920.jpg"/>
         <file href="percent.jpg"/>
         <file href="osaka-1199208_1920.jpg"/>
         <file href="street-sign.jpg"/>
         <file href="common.js"/>
         <file href="jquery.qtip.min.css"/>
         <file href="imagesloaded.pkg.min.js"/>
         <file href="jquery.qtip.min.js"/>
         <file href="exe_tooltips.js"/>
         <dependency identifierref="COMMON_FILES"/>
      </resource>
      <resource identifier="RES-eXeESSI_V055720a70e22260796344e" type="webcontent"
                href="poniendo_la_guinda_al_pastel.html">
         <file href="poniendo_la_guinda_al_pastel.html"/>
         <file href="exe_html5.js"/>
         <file href="writing-427527_1920.jpg"/>
         <file href="sour-cherry.jpg"/>
         <file href="ball.jpg"/>
         <file href="common.js"/>
         <file href="jquery.qtip.min.css"/>
         <file href="imagesloaded.pkg.min.js"/>
         <file href="jquery.qtip.min.js"/>
         <file href="exe_tooltips.js"/>
         <dependency identifierref="COMMON_FILES"/>
      </resource>
      <resource identifier="RES-eXeESSI_V055720a70e222607963550" type="webcontent"
                href="gua_didctica_del_proyecto.html">
         <file href="gua_didctica_del_proyecto.html"/>
         <file href="exe_html5.js"/>
         <file href="bombilla.jpg"/>
         <file href="pragareloj.jpg"/>
         <file href="common.js"/>
         <file href="compass-252951_1920.jpg"/>
         <file href="88x31.png"/>
         <file href="recursos_enlaces_hexagon-866195_640_cedec.jpg"/>
         <file href="exe_effects.js"/>
         <file href="exe_effects.css"/>
         <dependency identifierref="COMMON_FILES"/>
      </resource>
      <resource identifier="COMMON_FILES" type="webcontent" href="">
         <file href="inf_der_reading.gif"/>
         <file href="sup_der_gallery.gif"/>
         <file href="icon_zoom.gif"/>
         <file href="inf_der_activity.gif"/>
         <file href="inf_der_objectives.gif"/>
         <file href="inf_izq_galeria.gif"/>
         <file href="inf_izq_activity.gif"/>
         <file href="content.css"/>
         <file href="inf_der_reflection.gif"/>
         <file href="bullet.gif"/>
         <file href="inf_der_casestudy.gif"/>
         <file href="sup_der_casestudy.gif"/>
         <file href="inf_izq_hojas.gif"/>
         <file href="_carm_js.js"/>
         <file href="nav.css"/>
         <file href="icon_preknowledge.gif"/>
         <file href="icon_gallery.gif"/>
         <file href="stock-stop.png"/>
         <file href="sup_der_preknowledge.gif"/>
         <file href="sup_der_activity.gif"/>
         <file href="inf_der_hojas.gif"/>
         <file href="sup_der_objectives.gif"/>
         <file href="collapse2.gif"/>
         <file href="popup_bg.gif"/>
         <file href="config.xml"/>
         <file href="sup_der_reflection.gif"/>
         <file href="icon_casestudy.gif"/>
         <file href="icon_attention.gif"/>
         <file href="icon_question.gif"/>
         <file href="inf_izq_preknowledge.gif"/>
         <file href="sup_der_reading.gif"/>
         <file href="collapse.gif"/>
         <file href="my_header.jpg"/>
         <file href="panel-amusements.png"/>
         <file href="icon_activity.gif"/>
         <file href="inf_der_gallery.gif"/>
         <file href="inf_izq_reflection.gif"/>
         <file href="inf_izq_objectives.gif"/>
         <file href="icon_objectives.gif"/>
         <file href="sup_der_hojas.gif"/>
         <file href="icon_reflection.gif"/>
         <file href="icon_reading.gif"/>
         <file href="inf_izq_reading.gif"/>
         <file href="inf_der_preknowledge.gif"/>
         <file href="inf_izq_casestudy.gif"/>
         <file href="base.css"/>
         <file href="popup_bg.gif"/>
         <file href="SCORM_API_wrapper.js"/>
         <file href="SCOFunctions.js"/>
         <file href="exe_jquery.js"/>
      </resource>
   </resources>
</manifest>