<?xml version="1.0" encoding="UTF-8"?>
<lesson xmlns:xsi="http://www.w3.org/2001/XMLSchema-instance"
	xsi:schemaLocation="http://www.elml.ch ../../../_config/validate.xsd" xmlns="http://www.elml.ch"
    label="IntroToDBS" title="Introduction aux systèmes de bases de données" navTitle="Einführung DBS">
	<entry>
	    <paragraph>La gestion des données, et particulièrement la gestion des données géographiques, 
	        n'est pas liée à une technologie spécifique. Il serait possible d'employer des systèmes 
	        de fichiers ou des archives de cartes. Cependant, le terme de SIG 
	        (système d'information géographique) implique des besoins qui dépassent le simple 
	        stockage ou la récupération des données. Ces besoins plus spécifiques tels que l'analyse 
	        spatiale requièrent des Systèmes de Gestion de Base de Données (SGBD).</paragraph> 
	   
	    <paragraph>Cette leçon présente les concepts et l'architecture des bases de données. 
	        Après la première unité qui propose une <link targetLesson="IntroToDBS"
	        targetLabel="DefinOfTerms">définitiondes termes les plus importants </link>, 
	        nous nous consacrerons aux <link targetLesson="IntroToDBS" targetLessonLang="fr" 
	        targetLabel="DBApproaChar">
	        caractéristiques spécifiques </link> de l'approche Bases de données. 
	        Des <link targetLesson="IntroToDBS"  targetLessonLang="fr" targetLabel="ExamplesApps"> exemples d'application minutieusement</link> 
	        étudiés dans la troisième unité nous permettront 
	        de mieux cerner l'utilisation des bases de données dans différents contextes et 
	        d'approfondir nos connaissances au sujet des caractéristiques des bases de données. 
	        Enfin une <link targetLesson="IntroToDBS"  targetLessonLang="fr" targetLabel="AdvantDisadv"> comparaison 
	        de l'approche base de données avec les solutions de type systèmes 
	        de fichiers</link> nous permettra de comprendre les avantages et les inconvéniens des différentes 
	        solutions. </paragraph>   
	</entry>

	<goals>
	    <lObjective>L'objectif de cette première leçon est de nous familiariser avec les termes de données, 
	        d'information et de gestion de l'information, et d'être capable d'expliquer les plus 
	        importants.</lObjective> 
	    <lObjective>De connaître et comprendre les caractéristiques des bases de données et 
	        être capables de les employer dans le cadre d'applications de la vie courante. </lObjective>
	</goals>
    
    <unit label="DefinOfTerms" title="Définitions de termes">
        
        <entry title="Des données à l'information utilisable...">
            <paragraph>Avant d'aborder l'architecture des solutions de gestion de données proprement dite, 
                nous présentons ici la terminologie liée à ce domaine afin de nous familiariser avec 
                les notions d'information, de données et de systèmes de bases de données. Nombre de 
                ces termes de base sont utilisés quotidiennement, mais pas toujours dans un contexte 
                adéquat. </paragraph>
            <paragraph>Les termes et les concepts utilisés dans cette leçon sont définis également dans 
                le glossaire. </paragraph>
		</entry>
		
        <learningObject title="Données et information" label="dataAndInfo"
			navTitle="Daten vs. Informationen">
			<clarify>
				
			    <term glossRef="Données (plus précisément données numériques)"/>
				
			    <term glossRef="Information"/>
				
			    <paragraph> On dit de quelque chose que c'est une information
			        si elle répond à une question précise et si cette réponse apporte une 
			        meilleure compréhension et qu'elle contribue à la résolution d'un 
			        problème spécifique. (traduction 
			        de<citation bibIDRef="b4"/>
				</paragraph>
				
			    <paragraph>L'information comprend les aspects suivants:</paragraph>
				
			
			    <list listStyle="unordered">
			        <item>
			            <term glossRef="Dimensions of Information">structurée</term> et <term
			                glossRef="Syntax">syntaxique</term>
			        </item>
			        <item>
			            <term glossRef="Dimensions of Information">semantique</term> (en regard du contenu)</item>
			        <item>
			            <term glossRef="Dimensions of Information">pragmatique</term>
			            (significative pour les applications)</item>
			    </list>
			    
	
			    <paragraph title="Relations entre Données et Information">Les termes données et 
			        information sont souvent employés l'un pour l'autre 
			        et dans des contextes inadéquats. Afin de les distinguer, nous listons 
			        les points ci-dessous :</paragraph>
				
				<list listStyle="unordered">
				    <item>Les aspects sémantiques des données sont souvent codés. 
				        Ces codes doivent être définis et interprétés sur la base 
				        d'un accord préalable (par exemple échelle de 1 à 6, le degré 
				        6 indiquant que les données ont une forte plus value sémantique).</item>
				    <item>D'une façon générale, l'information doit être reconstruite ou dérivée 
				        à partir des données (par exemple les précipitations moyennes du mois 
				        de juillet au cours des 10 dernières années).</item>
				    <item>Normalement, les données ne contiennent pas d'aspects concernant 
				        les applications elles-mêmes (par exemple il n'est pas possible de 
				        dériver l'information pour des applications comme les impôts, 
				        le developement, le risque d'inondation, etc. à partir des coordonnées 
				        d'une parcelle de terrain). </item>
				</list>
			</clarify>
			
			<look>
				<column>
					<columnLeft width="350" units="pixels" align="center">
						<multimedia src="../image/chinese_letter_small.gif" type="gif"
						    legend="Exemple de lettre en chinois"/>
					</columnLeft>
					<columnRight>
					    <paragraph>En essayant de lire une lettre dans une langue étrangère, 
					        nous sommes capable d'identifier sa structure et sa syntaxe tel que 
					        les paragraphes, les phrases, les mots, etc. mais nous ne pouvons pas 
					        en donner la signification.</paragraph>
					    <paragraph>	L'écriture dans notre propre langue ne peut pas non plus être appelée 
					        Information dans tous les cas. Même si nous en comprenons le contenu 
					        <term glossRef="Dimensions of Information">semantique</term>si ce contenu n'est pas pertinent pour nous, alors il manquera à cette 
					        information un aspect important : son utilité!</paragraph>
					</columnRight>
				</column>
			</look>
		</learningObject>
		

        <learningObject title="Les composants d'un Système d'Information" navTitle="Komponenten IS">
			<clarify>
				
			    <paragraph><term glossRef="Konzeptionell">Conceptuellement</term> un système d'information a 
			        une structure en couches. <newLine/> Cliquez sur les 
			        boutons<formatted style="italic"> avant / arriere </formatted>pour connaître 
			        les différentes parties d'un système d'information. </paragraph>
				
				<multimedia src="../multimedia/aufbau_informationssystem_new.swf" type="flash"
				    legend="Les composants d'un Système d'Information" width="490" height="300"
					align="center"/>
				
			    <paragraph>Les composants de gestion des données d'un système d'information sont :</paragraph>
				
			    <term glossRef="Données et bases de données"/>
			    
			    <term glossRef="Systèmes de gestion de base de données"/>
			    
			    <term glossRef="Système de base de données"/>
			    
			    <paragraph icon="remark">Ce sont les SGBD et les systèmes de bases de données qui nous intéressent 
			        dans ce module.</paragraph>
			    
			    <term glossRef="Système d'information"/>
			   
			    <paragraph icon="remark">D'après la première partie de cette unité où nous 
			        avons discuté de la <link targetLabel="dataAndInfo" 
			        targetLesson="IntroToDBS" targetLessonLang="fr">difference entre données et 
			        information</link>, les outils d'un système 
			        d'information enrichissent les données par des aspects 
			        <term glossRef="Dimensions of Information">semantiques</term> 
			        et <term glossRef="Dimensions of Information">pragmatiques</term>.</paragraph>
				
	<!-- ************************** paragraph missing ***************************			

				<paragraph></paragraph>
	
	 ************************** paragraph missing ***************************-->		
				
                 <term glossRef="Système d'information géographique (SIG)"/>
			    
			    <paragraph>Cette définition comprend l'aspect le plus important de la définition d'un 
			        système d'information mais reste focalisée sur les données à référence spatiale..</paragraph>
			</clarify>
		</learningObject>
	</unit>
	
	
	
	
    <unit label="DBApproaChar" title="Caractéristiques de l'approche Base de données" navTitle="Eigenschaften">
		<entry>
		    <paragraph>L'approche Base de données a des caractéristiques très particulières décrites 
		        dans cette <link targetLesson="IntroToDBS" 
		        targetLabel="ExamplesApps" targetLessonLang="fr">unité</link>.</paragraph>
		 
	 <!-- ************************** paragraph missing ***************************   
		    
		    <paragraph></paragraph>    
			
   ************************** paragraph missing ***************************-->		
		
		</entry>
		
        <learningObject title="Accès concurrent" label="mehrfachn">
			<clarify>
			    <paragraph>Un système de gestion de base de données permet à plusieurs utilisateurs 
			        d'accéder à la même base de données en même temps : c'est l'accès concurrentiel. 
			        Le fait de pouvoir répondre à différentes questions posées par différents 
			        utilisateurs sur les mêmes données en même temps est une caractéristique 
			        essentielle des systèmes d'information.<newLine/> 
			        L'accès concurrentpermet une économie considérable pour les 
			        systèmes en terme d'acquisition  et de stockage des données. 
					 Les données stockées en un seul endroit sur un 
			        serveur sont mises à jour une seule fois à partir d'une commande centrale 
			        (--> pas<term glossRef="Redundanz">redundant</term>). 
			        Ainsi les <term glossRef="Geodaten">données géographiques</term>, 
			        souvent extrêmement chères peuvent être exploitées de manière optimale. 
			        <newLine space="long"/>En utilisant les données de façon concurrentielle, on évite les problèmes 
			        de concurrence. Par exemple, si deux utilisateurs différents sur des 
			        applications différentes changent les mêmes données simultanément, 
			        le système va gérer la concurrence de leur transaction (opération sur 
			        la base de données dans le jargon technique). </paragraph>
		    </clarify>
			

			<look>
			    <paragraph>Un exemple est la base de données d'une grande agence de voyage. 
			        Les employés des différents secteurs peuvent accéder en même 
			        temps aux mêmes données pour réserver des voyages pour leurs 
			        clients. Chaque agent de voyage voit sur son écran s'il reste 
			        encore des places libres sur un vol particulier. Dès qu'une 
			        place est reservée, le système est mis à jour et tous les 
			        autres agents peuvent voir immédiatement le changement et ne 
			        peuvent plus réserver la place pour leur client.</paragraph>
				
				<multimedia src="../image/mehrfachnutzung.gif" type="gif" align="center"
				    legend="Utilisation concurrente des mêmes données"/>
			</look>
		</learningObject>
		

		<learningObject title="Strukturierte und beschriebene Daten" label="struktDaten"
			navTitle="Strukturierte Daten">
			<clarify>
			    <paragraph>Une caractéristique fondamentale de l'approche base de données 
			        réside dans le fait que les systèmes de base de données contiennent 
			        non seulement les données mais également la définition et la 
			        description complète de ces données. Ces descriptions renseignent 
			        sur la taille, la structure, le type et le format des données, 
			        ainsi que sur les relations entre les données. Ce genre de données 
			        stockées s'appelle <formatted style="bold">métadonnée</formatted> 
			        ("données sur les données").
					<newLine space="long"/></paragraph>
					
         <!-- ************************** paragraph missing ***************************	
					
					<term glossRef="Metadaten">Metadaten</term> werden von der DBMS-Software, aber
					auch von Anwendungsprogrammen (z.B. GIS) und Anwendern einer Datenbank
					verwendet. Da DBMS-Software nicht für eine spezielle Datenbankanwendung
					geschrieben ist, muss sie die 
					<term glossRef="Metadaten">Metadaten</term> einer
					Datenbank verwenden, um deren Umfang, Struktur, etc. zu kennen.</paragraph>
				    
			
		 ************************** paragraph missing ***************************-->	
			
			    <term glossRef="Données structurées"/>
			
			</clarify>

			<look>
			    <paragraph>Voici un exemple de la manière dont les données peuvent être décrites 
			        dans une BD.
			        Vous pouvez voir ci-dessous une table d'une base de données. 
			        De part sa structure (première colonne = Prénom, deuxième colonne 
			        = Nom, troisième colonne = code postal, quatrième colonne = ville), 
			        on sait que si on insère une valeur dans la première colonne, 
			        ce doit être un prénom (sous forme de chaine de caractères). 
			        Et dans la troisième colonne, un code postal (nombre entier à 4 chiffres).</paragraph>
				
				<multimedia src="../image/datenbanktabelle.gif" type="gif" align="center"
				    legend="Exemple de table d'une base de données"/>
			</look>
		</learningObject>
		
	
        <learningObject title="Séparation entre les données et les traitements" label="trennDataApp"
			navTitle="Trennung">
			<clarify>
				
			    <!-- ************************** paragraph missing ***************************	
			        
			        <paragraph>
			        Wie in der Eigenschaft <link targetLesson="IntroToDBS"
			        targetLabel="struktDaten">Strukturierte Daten</link> beschrieben, wird die
			        Struktur einer Datenbank durch die <term glossRef="Metadaten">Metadaten</term>,
			        die ebenfalls in der Datenbank abgelegt sind beschrieben.<newLine space="long"/>
			        </paragraph>	
			        
			        
			        ************************** paragraph missing ***************************-->	
				
					
				    <paragraph>Une application n'a besoin d'aucune connaissance sur le stockage des 
				    données physiques comme le format, l'endroit de stockage, 
				    les fichiers, etc... L'application communique uniquement avec le SGBD 
				    (le système de gestion de bases de données) par l'intermédiaire d'une 
				    interface standardisée avec l'aide d'un langage normalisée tel que SQL. 
				    L'accès aux données et aux 
				    <term glossRef="Metadaten">metadonnées</term> est entièrement fait par le SGBD.</paragraph>
				    
				    <paragraph>Ainsi les applications peuvent être totalement séparées des données. 
				    La réorganisation interne de la base de données ou l'optimisation 
				    des performances n'a aucune influence sur l'application qui gère 
				    les traitements. </paragraph>
		
			</clarify>
			<look>
				<multimedia src="../image/trennung_Daten_Anwendung.gif" type="gif" align="center"
				    legend="Séparation entre les données et les traitements"/>
			</look>
		</learningObject>
		
        <learningObject title="Intégrité des donneés" label="dataint">
			<clarify>
			    <paragraph>L'intégrité des données est un passe droit pour la qualité et la fiabilité des 
			        données d'un système de base de données. Plus largement l'intégrité des données 
			        inclut également la protection de la base de données contre l'accès non autorisé 
			        (confidentialité) et les changements non autorisés.</paragraph>
			        
			    <paragraph>Les données reflètent des faits du monde réel. Lorsqu'on conçoit une base 
			            de données, on commence par une phase de reflexion sur la structuration des 
			            données de manière à ce qu'elles soient cohérentes. Logiquement on lui exige 
			            que cette réflexion est faite correctement. Puis le SGBD doit permettre de garantir 
			            l'insertion de données dans la base uniquement si elles sont correctes et conformes. 
			            Des  <link targetLesson="IntroToDBS"  targetLessonLang="fr" targetLabel="transakt"> transactions
			            </link> correctes assurent ainsi que la cohérence de la base est maintenue 
			            durant les opérations effectuées par les utilisateurs.</paragraph>
			</clarify>
			
			
			<look>
			    
			    <!-- ********************************missing*************************************
			    
			    <paragraph>In der selben Datenbank dürfen keine widersprüchlichen Aussagen stehen.</paragraph>
			    
			    **************************************missing*********************************-->
			    
				
				<multimedia src="../image/widerspruchsfreiheit.gif" type="gif" align="center"
				    legend="Deux tables d'une BD avec des données contradictoires"/>
				
			    <paragraph>Cette base de données se compose d'une table des "rues résidentielles" 
			        et d'une table indiquant les restrictions de circulation selon les heures. 
			        Dans la table "rues résidentielles", on onte qu'il est interdit de rouler 
			        entre 19.00 et 7.00, alors que la table "planification routière" n'indique 
			        pas cette restriction. C'est un exemple typique d'incohérence des données d'une BD.
			        <newLine/></paragraph>
			        
			   <!-- **************************************missing*********************************   
			        
			        Solche Widersprüche können verhindert werden, indem die
					Datenstruktur sorgfältig modelliert wird. In diesem Fall müsste man schauen, wie
					man die Informationen über die Gartenstrasse in einer Tabelle zusammenfassen
					könnte. Dies erleichtert auch die Nachführung, da dann nur noch eine Tabelle
					geändert werden muss, wenn sich an den Informationen zur Gartenstrasse etwas
					ändert.
					
			    **************************************missing*********************************-->	
			
			</look>
		</learningObject>
        <learningObject title="Transactions" label="transakt">
			<clarify>
			    <paragraph>Une transaction est un paquet d'actions sur une base de données qui 
			        la transfome d'un état cohérent à un autre. Durant la transaction, 
			        les données sont inévitablement incohérentes. <newLine/>
			        Une transaction est atomique, ce qui signifie qu'elle ne peut pas 
			        être divisée. Si toutes les actions d'une transaction ne peuvent 
			        pas être effectuées, alors aucune ne l'est. Faire une partie des 
			        actions mènerait à un état incohétent de la base de données, ce qui 
			        est contraire à sa définition.</paragraph>
			</clarify>
			<look>
			    <paragraph>Un exemple de transaction est le transfert d'un montant d'argent 
			        d'un compte bancaire à un autre. La transaction, pour qu'elle soit 
			        cohérente, doit comprendre à la fois le débit d'argent d'un compte 
			        et le crédit sur un autre compte. Une fois la transaction effectuée 
			        complètement (débit et crédit), les changements sur les deux comptes 
			        sont effectivement réalisés. Le compte A a effectivement moins d'argent 
			        tandis que le B a maintenant un montant plus élevé.<newLine/>Cliquez 
			        sur les boutons en bas à gauche pour suivre les étapes de cet exemple.</paragraph>
				
				<multimedia src="../multimedia/transaktion_konten.swf" type="flash" width="500"
					height="290"
				    legend="Transaction: transfert d'une somme d'argent d'un compte à un autre"
					align="center"/>
			</look>
		</learningObject>
		
		
        <learningObject title="Persistence des données" label="datapersis">
			<clarify>
				<paragraph> 
				
				    La persistence des données signifie que toutes les données dans le 
				    SGBD sont maintenues tant qu'elles ne sont pas explicitement effacées. 
				    La longévité des données doit être déterminée directement ou 
				    indirectement par l'utilisateur, et ne doit pas dépendre des 
				    caractéristiques du SGBD. Et même si le système subit une panne 
				    durant une <link targetLesson="IntroToDBS" 
				        targetLabel="transakt" targetLessonLang="fr">transaction</link>, 
				    le SGBD conserve la base dans l'état 
				    cohérent précédent.</paragraph>
			</clarify>
		</learningObject>
        <learningObject title="Vues sur les données" label="datensichten">
			<clarify>
			    <paragraph> Une base de données a couramment plusieurs utilisateurs. 
			        Chacun d'eux, selon ses droits et l'utlisation qu'il fait 
			        d'une BD, peut avoir besoin de vue particulière des données 
			        (contenu et forme). Ces vues peuvent être des sous-ensembles 
			        des données stockées ou des données pas explicitement stockées 
			        qui sont dérivées à partir des données stockées .</paragraph>
			</clarify>
			<look>
			    <paragraph>	Une université gère les données sur les étudiants. 
			        La BD comprend le nombre d'immatriculation, les noms, 
			        les adresses des étudiants, etc., ainsi que d'autres informations 
			        telles que les cours dans lesquels il est inscrit, s'il a besoin de 
			        cours préparatoirees, etc.<newLine/>Cette BD peut être utilisées par 
			        de nombreuses personnes avec des besoins et des droits d'accès bien 
			        distincts.</paragraph>
			        
			     <paragraph>En cliquant sur les 4 boutons ci-dessous, vous verrez des vues différentes 
			        pour différents types d'utlisateurs. </paragraph>
				
				<multimedia src="../multimedia/sichten.swf" type="flash"
				    legend="Différentes vues d'une même BD" height="340" 
				    width="570" align="center"/>
				
			    <paragraph> L'administrateur de la base de données a une vue complète tandis que 
			        d'autres utilisateurs dans cet exemple ont seulement une vue restreinte 
			        sur la base de données. L'administration, par exemple, n'a pas besoin 
			        des informations sur des noms et les nombres d'immatriculation au cas 
			        où elle voudrait créer des statistiques anonymes au sujet des redeoublants.</paragraph>
			</look>
		</learningObject>
	</unit>
	
	
    <unit label="ExamplesApps" title="Exemples d'applications">
		<entry>
		    <paragraph>Les solutions actuelles de technologies de l'information se distinguent 
		        par le fait qu'elles ont de nombreux utilisateurs dans des endroits 
		        différents et qui souhaitent employer en même temps des données qui 
		        doivent être constamment mises à jour. Par conséquent, les systèmes 
		        de base de données sont employés dans de nombreux domaines et il est 
		        rare de trouver aujourd'hui une solution de technologie de l'information 
		        qui ne fasse pas appel aux bases de données. </paragraph>
		    
		    <paragraph>Différents exemples d'utilisation 
		        des systèmes de bases de données sont discutés dans cette
				<link targetLesson="IntroToDBS"  targetLessonLang="fr" targetLabel="DBApproaChar">unité</link>.
			</paragraph>
		</entry>
		
        <learningObject title="La gestion des comptes bancaires" navTitle="Bankkonten">
			<clarify>
			    <paragraph>La gestion des comptes bancaires est une tâche très exigeante qui depuis de 
			        nombreuses années repose sur des systèmes de base de données. Aujourd'hui, 
			        personne ne pourrait penser opérer dans le monde très complexe des finances 
			        sans les bases de données.</paragraph>
			        
			    <paragraph><formatted style="bold">Les caractéristiques les plus importantes d'un tel 
			        système de base de données sont :</formatted></paragraph>
				
				<column>
					<columnLeft width="150" units="pixels" align="left">
					    <link targetLesson="IntroToDBS"  targetLessonLang="fr" targetLabel="transakt">Transactions</link>
					</columnLeft>
				    <columnRight>Quand on gère des comptes bancaires de gestion, les transaction doivent 
				        impérativement s'effectuer correctement. Il est primordial qu'un crédit 
				        soit effectué sur le bon compte ou qu'un débit ne soit prélevé qu'une seule fois!</columnRight>
				</column>
				<column>
					<columnLeft width="150" units="pixels" align="left">
					    <link targetLesson="IntroToDBS"  targetLessonLang="fr" targetLabel="dataint">Intégrité des données </link>
					</columnLeft>
				    <columnRight>L'intégrité des données est fondamentale. Les conditions et les règles 
				        d'uniformité des données, ainsi que la manière de les utiliser 
				        doivent être clairement établies.</columnRight>
				</column>
				<column>
					<columnLeft width="150" units="pixels" align="left">
						<link targetLesson="IntroToDBS"  targetLessonLang="fr" targetLabel="datapersis"
						    >Persistance des données</link>
					</columnLeft>
				    <columnRight>Pour le détenteur d'un compte bancaire, il est rassurant de savoir 
				        que la persistance des données est garantie. Des données ne peuvent 
				        pas être supprimées arbitrairement ou perdues mystérieusement.</columnRight>
				</column>
			</clarify>
		</learningObject>
		
		
        <learningObject title="Horaires de train" navTitle="Fahrplan">
			<clarify>
			    <paragraph> L'horaire en ligne des CFF (chemins de fer fédéraux suisses) est un 
			        exemple d'un système d'information accessible via Internet basé sur 
			        un système de base de données des transports en commun. 
			        Sa tâche principale est d'informer les utilisateurs sur les informations 
			        courantes et correctes sur les trains et les meilleurs raccordements 
			        des CFF à tout moment. Lorsque vous demandez en ligne des informations 
			        sur un trajet ou les horaires de train, vous interrogez un système de base de données.</paragraph>
			    <paragraph><formatted style="bold">Les caractéristiques les plus importantes 
			    d'un tel système de base de données sont :</formatted></paragraph>    
				
				
				<column>
					<columnLeft width="150" units="pixels" align="left">
						<link targetLesson="IntroToDBS"  targetLessonLang="fr" targetLabel="mehrfachn"
						    >Utilisation concurrentielle</link>
					</columnLeft>
				    <columnRight>Le système de base de données des horaires CFF peut être 
				        employé par différents utilisateurs et différentes applications 
				        concurrentes. Tandis que l'information est employée au sein des 
				        CFF pour nous enseigner sur les horaires ou toute autre information 
				        spécifique, le public peut également avoir accès à ces informations 
				        par l'intermédiaire de l'Internet ou du WAP.</columnRight>
				</column>
				<column>
					<columnLeft width="150" units="pixels" align="left">
					    <link targetLesson="IntroToDBS"  targetLessonLang="fr" targetLabel="dataint">Intégrité des données </link>
					</columnLeft>
				    <columnRight>Les utilisateurs des horaires des CFF ont besoin d'information courante 
				        et correcte à tout moment. Cela requiert d'être extrêmmement exigeant 
				        sur l'intégrité des données. Par conséquent, l'horaire, les changements 
				        de quai ou tous les autres changements doivent être constamment mis à 
				        jour dans le système de base de données.</columnRight>
				</column>
			    <paragraph>Un tel système de base de données peut recevoir plus d'un appel par 
			        seconde durant les périodes les plus chargées. La perfomance est donc 
			        également une caractéristique très importante qui n'a pas été mentionnée ci-dessus.</paragraph>
			</clarify>
			
			<look>
				<multimedia src="../image/fahrplan_sbb.jpg" type="jpeg" width="600" height="430"
				    legend="Site Internet aux horaires CFF :" align="center" bibIDRef="b8"
					units="pixels"/>
				
			    <paragraph>Site d'accés Internet aux horaires CFF :<link
			        uri="http://www.sbb.ch/pv/index_f.htm">http://www.sbb.ch/pv/index_f.htm</link>
				</paragraph>
			
			</look>
		</learningObject>
		
		
        <learningObject title="Catalogue de la bilbiothèque">
			<clarify>
			    <paragraph>Le catalogue de bibliothèque NEBIS <citation bibIDRef="b9"/> 
			        est le catalogue du réseau des bibliothèques 
			        et des bureaux de l'information en Suisse. Avec l'aide de NEBIS, il est 
			        possible de rechercher les livres ou les publications spécifiques dans les 
			        bibliothèques partout en Suisse.</paragraph>
						
			    <paragraph><formatted style="bold">Les caractéristiques les plus importantes 
			        d'un tel système de base de données sont :</formatted></paragraph>
					
				<column>
					<columnLeft width="150" units="pixels" align="left">
					    <link targetLesson="IntroToDBS"  targetLessonLang="fr" targetLabel="struktDaten">Données décrites et structurées</link>
					</columnLeft>
				    <columnRight>Il est plus qu' utile d'avoir une structure de données clairement définie 
				        lorsqu'il s'agit d'enregistrer et de mettre à jour plusieurs milliers de 
				        livres, de magazins et de publications. La description des données permet 
				        également d'effectuer des recherches sélectives afin de retrouver ses 
				        informations spécifiques. <newLine/>
				        De plus, une structure claire est également exempte de redondance. 
				        Ceci évite tout le travail de correction qu'une simple 
				        petite <term glossRef="Redundanz">redondance</term> 
				        d'information peut engendrer dans certains cas. </columnRight>
				</column>
				<column>
					<columnLeft width="150" units="pixels" align="left">
						<link targetLesson="IntroToDBS" targetLessonLang="fr" targetLabel="datensichten"
						>Vues sur les données </link>
					</columnLeft>
				    <columnRight>Selon le type de recherche detaillée et spécialisée qu'il a à faire, 
				        un utilisateur peut avoir besoin de plus ou moins d'information de la 
				        base de données. Ainsi pour une recherche simple, le titre et le nom 
				        de l'auteur peut déjà être suffisant. Cependant, en recherchant une 
				        édition spécifique d'un livre, on peut avoir besoin deplus d'information. 
				        En fonction de sa recherche, l'utilisateur peut choisir entre différentes 
				        vues de données. De plus, il y a des vues pour le gestionnaire du 
				        catalogue qui ne sont pas accessibles au public. </columnRight>
				</column>
			</clarify>
			
			<look>
			    <paragraph><formatted style="bold">Différentes vues des données 
			    (cliquez sur l'image pour l'agrandir)</formatted></paragraph>
				<column>
					<columnLeft width="50" units="percent" align="center">
						<multimedia src="../image/datensicht_I.jpg"  type="jpeg"
							thumbnail="../image/datensicht_I_thumb.jpg"
						    legend="Resultats de la recherche" bibIDRef="b9"/>
					</columnLeft>
					<columnRight width="50" units="percent" align="center">
					    <multimedia src="../image/datensicht_II.jpg" type="jpeg"
							thumbnail="../image/datensicht_II_thumb.jpg"
						    legend="Vue classique pour une entrée sélectionnée" bibIDRef="b9"
						/>
					</columnRight>
				</column>
				<column>
					<columnLeft width="50" units="percent" align="center">
					    <multimedia src="../image/datensicht_III.jpg" type="jpeg"
					        thumbnail="../image/datensicht_III_thumb.jpg"
						    legend="Vue Catalogue pour une entrée sélectionnée " bibIDRef="b9"/>
					</columnLeft>
					<columnRight width="50" units="percent" align="center">
					    <multimedia src="../image/datensicht_IV.jpg" type="jpeg"
					        thumbnail="../image/datensicht_IV_thumb.jpg"
						    legend="'MARC'-Vue d'une entrée choisie" bibIDRef="b9"/>
					</columnRight>
				</column>
			    <multimedia src="../image/nebis.jpg" type="jpeg" align="center"
			        thumbnail="../image/nebis_thumb.jpg" legend="capture d'ecran du catalogue de la bibliothèque "
					bibIDRef="b9"/>
			    <paragraph> Accés en ligne au catalogue de la bibliothèque NEBIS : <link
			        uri="http://www.nebis.ch/index_f.html">http://www.nebis.ch/index_f.html</link>
				</paragraph>
			</look>
		</learningObject>
		
		
		
		
        <learningObject title="Dépôt de données central (Data Warehouse)" navTitle="Geodata-Warehouse">
			<clarify>
			    <paragraph>Plus récemment, il est d'usage courant pour les villes et 
			        les cantons de contrôler et de mettre à jour les données spatiales 
			        du territoire dans un dépôt de données central, plus courramment 
			        appelé en anglais geodata warehouse. Ceci permet des gains énormes 
			        en capacité de stockage, du fait que les données ne comportent pas 
			        de redondance. De plus jusqu'à présent les données sur le territoire 
			        sont gérées et mises à jour par département, ce qui peut rendre les 
			        échanges de données couteux et les répercussions des mises à jour 
			        complexes. Gérer un seul dépôt de données sur le territoire permettra 
			        la mise à jour des données en un seul endroit. Tous les services auront 
			        ainsi accés aux données mises à jour en temps réel.</paragraph>
				
			    <paragraph><formatted style="bold">Les caractéristiques les plus 
			    importantes d'un tel système de base de données sont :</formatted></paragraph>
						
				<column>
					<columnLeft width="150" units="pixels" align="left">
						<link targetLesson="IntroToDBS"  targetLessonLang="fr" targetLabel="mehrfachn"
						    >Utilisation concurrente</link>
					</columnLeft>
				    <columnRight> Un entrepôt de données central est un bon exemple d'utilisation 
				        concurrente d'un système de base de données. D'une part les 
				        différents utilisateurs accèdent aux données directement à 
				        travers le système - les employés des différents départements. 
				        D'autre part différentes applications SIG peuvent être utilisées 
				        pour accéder à l'entrepôt de données géographiques. 
				        Par conséquent, il est possible que le département des forêts 
				        utilise le logiciel SIG A pour l'accès aux données tandis que 
				        le département des géomètres utilise le logiciel SIG B. </columnRight>
				</column>
				<column>
					<columnLeft width="150" units="pixels" align="left">
					    <link targetLesson="IntroToDBS"  targetLessonLang="fr" targetLabel="trennDataApp">Séparation 
					        des données et des applications n</link>
					</columnLeft>
				    <columnRight>Comme décrit ci-dessus, différents utilisateurs sur différentes 
				        applications ont accès aux données. Ceci est possible uniquement si 
				        les données sont séparées des applications. Si les données étaient 
				        liées à l'application, il faudrait un effort considérable pour que 
				        les données puissent être lues et utlisées par d'autres applications. 
				        Cette indépendance est particulièrement importante dans les cas où le 
				        système de gestion de bases de données doit être remplacé. Avec la 
				        séparation des données et des applications il est possible de changer 
				        de SGBD sans devoir récrire toute l'application. 
				        
			<!--********************************* missing********************************	        
				        
				        <newLine/> 
				        Beispiel: Ein Word-File ist sehr schwierig im
						Excel-Programm zu öffnen und dies obwohl beide Programme vom selben
						Hersteller kommen. 
						
			**************************************missing***********************************-->			
						
						</columnRight>
				</column>
				<column>
					<columnLeft width="150" units="pixels" align="left">
						<link targetLesson="IntroToDBS"  targetLessonLang="fr" targetLabel="datapersis"
						    >Persistence des données </link>
					</columnLeft>
				    <columnRight>L'acquisition des <term glossRef="Geodaten">données géographiques</term> 
				        données géographiques est la plupart du temps un travail 
				        très lourd et très couteux. La persitence des données est donc une caractéristique 
				        très importante des entrepôts de données, de manière à éviter de les perdre et de 
				        devoir les remplacer à des coûts prohibitifs. </columnRight>
				</column>
				<column>
					<columnLeft width="150" units="pixels" align="left">
					    <link targetLesson="IntroToDBS"  targetLessonLang="fr" targetLabel="dataint">Intégrité des données</link>
					</columnLeft>
				    <columnRight>Les données gouvernementales donnent souvent des informations sur les conditions 
				        légales comme, par exemple, le cadastre. Par conséquent, ces données doivent être 
				        complètement correctes et fiables. Cela est réalisé par la définition de conditions 
				        spécifiques d'uniformité et l'application de règles clairement spécifiées.
					</columnRight>
				</column>
			</clarify>
			<look>
				<multimedia src="../image/geodataWarehouse.gif" type="gif"
				    legend="Schematic Representation of a Geodata Warehouse and the possible Access to it from different Offices"
					align="center"/>
			</look>
		</learningObject>
        <selfAssessment title="Exercice"
			metaSetUpInfo="Diskussionstopic 'Datenbank-Anwendungen' aufsetzen, Feedback zu Postings geben">
            <paragraph>Trouvez une autre application de base de données 
                (votre environnement de travail, Internet ...) 
                et essayez de dégager les caractéristiques les plus importantes 
                de cette application. Résumez les sommairement 
                (comme celle que vous avez vu dans cette unité).
                Vos exemples seront discutés lors du prochain cours.</paragraph>
		</selfAssessment>
	</unit>
	
	
    <unit label="AdvantDisadv" title="Avantages et désavantages">
        <entry title="Du système de fichier aux bases de données">
            <paragraph>La gestion et le stockage des données a beaucoup changé au cours des années. 
                En quoi les SGBD sont-ils différents des systèmes de fichiers ? 
                Quels sont leurs avantages et leurs inconvénients ?</paragraph>
		</entry>
		
		
        <learningObject title="Comparaison des SGBD avec les systèmes de fichiers" navTitle="Vergleich">
			<clarify>
				<paragraph> Avec un système de fichier, chaque utilisateur définit et crée avec un 
				    logiciel spécifique les dossiers dont il a besoin pour une application 
				    spécifique. Ce mode de fonctionnement est bien évidemment limité par 
				    rapport à l'approche BD. (n'oubliez pas: 
				    
				    <link targetLesson="IntroToDBS"  targetLessonLang="fr"
				        targetLabel="DBApproaChar">caractéristiques spécifiques</link>
				    
				     / 
				    
				    <link targetLesson="IntroToDBS" targetLessonLang="fr"
				        targetLabel="ExamplesApps">exemples d'application</link>) <newLine/>
				    
				    Glissez la souris sur les termes en gras pour voir les différentes 
				    caractéristiques entre SGBD et systèmes de fichiers.
				    </paragraph>
				    
				    
				<multimedia src="../multimedia/dateibasiert_neu.swf" type="flash" width="550"
				    height="470" legend="SGBDs versus Systèmes de fichiers"
					align="center"/>
			</clarify>
			
			<look>
			    <paragraph>En utilisant un système de fichiers, l'administration d'une école peut par 
			        exemple maintenir des informations sur l'enregistrement et le paiement des 
			        inscriptions des étudiants, alors que les enseignants contrôlent les données 
			        au sujet des étudiants et de leurs diplômes. Quoique les deux groupes d'utilisateur 
			        soient intéressés par des données d'étudiants, chacun pourrait avoir son système 
			        de fichier et ses logiciels pour mettre à jour et changer ces données. Une telle 
			        <term glossRef="Redundanz">redondance</term> dans la définition 
			        et le stockage des données de l'école représenterait 
			        un énorme gaspillage. Le travail requis pour mettre à jour les données est 
			        multiplié par le nombre de systèmes. Par exemple le changement d'adresse d'un 
			        étudiant devrait être effectué à la fois par les enseignants et par l'administration.
			        </paragraph>
			</look>
		</learningObject>
		
		
		
        <learningObject title="Avantages des SGBD">
			<clarify>
			    <paragraph> tous les propriétée que vous trouvez ici: 
			    <link targetLesson="IntroToDBS"   targetLessonLang="fr" targetLabel="DBApproaChar">caractéristiques spécifiques</link>
			    <newLine/>
			        <formatted style="bold">Rappelons les caractéristiques de 
			        l'approche Base de données : </formatted>
		
					</paragraph>
				<list listStyle="unordered">
					<item>
						<link targetLesson="IntroToDBS"  targetLessonLang="fr" targetLabel="mehrfachn"
						    >Accès concurrentiel</link>
					</item>
					<item>
					    <link targetLesson="IntroToDBS"  targetLessonLang="fr" targetLabel="struktDaten">Structure et description des données</link>
					</item>
					<item>
					    <link targetLesson="IntroToDBS" targetLessonLang="fr" targetLabel="trennDataApp">Séparation entre les données et les traitements</link>
					</item>
					<item>
					    <link targetLesson="IntroToDBS" targetLessonLang="fr" targetLabel="dataint">Intégrité des donneés</link>
					</item>
					<item>
					    <link targetLesson="IntroToDBS" targetLessonLang="fr" targetLabel="transakt">Transactions</link>
					</item>
					<item>
					    <link targetLesson="IntroToDBS" targetLessonLang="fr" targetLabel="datapersis"
						    >Persistence des données</link>
					</item>
					<item>
					    <link targetLesson="IntroToDBS" targetLessonLang="fr" targetLabel="datensichten"
						    >Vues sur les données</link>
					</item>
				</list>
			    
			    <paragraph>D'autres encore sont explicités dans l'animation ci-dessous.</paragraph>
			   
			    <paragraph>Pour naviguer utilisez les boutons bleus.</paragraph>
				<multimedia src="../multimedia/vorteile.swf" type="flash" height="230" width="510"
				    align="center" legend="Avantages d'un SGBD"/>
			    <paragraph> Cliquez ici pour télécharger la liste sous forme de 
			        <link uri="../multimedia/weitereVorteileDBMS.pdf">document PDF</link></paragraph>
			</clarify>
		</learningObject>
       
       
        <learningObject title="Inconvénients des SGBD">
			<clarify>
			    <paragraph> Même si les SGBD ont de nombreux avantages, ils ont également des inconvénients:</paragraph> 
			    <paragraph>Pour naviguer utilisez les boutons bleus.</paragraph>
				<multimedia src="../multimedia/nachteile.swf" type="flash" height="230" width="510"
					align="center"/>
			    <paragraph> Cliquez ici pour télécharger la liste sous forme de 
			        <link uri="../multimedia/nachteileDBMS.pdf">document PDF</link></paragraph>
			</clarify>
		</learningObject>
	</unit>
	<selfAssessment title="Aufgaben" metaSetUpInfo="none">
	    <paragraph> Les QCM et l'animation ci-dessous devraient vous permettre de vérifier 
	    si vous avez bien compris le contenu de cette leçon.</paragraph>
		<multimedia src="../multimedia/tabellenkalkulationVsDbms.swf" type="flash" align="center"
			height="310" width="470"/>
		<multimedia src="../multimedia/zentralesGeodataWarehouse.swf" type="flash" align="center"
			height="310" width="470"/>
	    <paragraph> Prenez les nombres près des limites sur les cercles avec la souris et placez les sur le dessin. 
	        Pour vérifier votre réponse, cliquez sur le bouton 'Check' dès que le schéma est complet et vous 
	        paraît correct. Pour refaire l'exercice, cliquez sur 'reset'.</paragraph>
		<multimedia src="../multimedia/dragDrop_test_informationssystemaufbau.swf" type="flash"
			width="500" height="300" align="center"/>
	</selfAssessment>
	<summary> <paragraph> </paragraph>
	
	<!--**********************************************missing**********************************
	
		<paragraph> In dieser Lektion wurden die Bedeutung einer datenbankgestützten Datenverwaltung
			und die Rolle eines Datenbanksystems innerhalb eines Geoinformationssystems (GIS)
			erläutert. Dazu wurden eingangs Begriffe wie Datenbanksystem und Geoinformationssystem
			definiert bzw. repetiert und im Kontext der Begriffe Daten und Informationen
				positioniert.<newLine space="long"/>Anschliessend wurden wichtige Gründe für den
			Einsatz von Datenbanksystemen bei der Verwaltung von Daten im Allgemeinen und von
			Geodaten im Speziellen aufgeführt und anhand von Beispielen aus verschiedenen
			Anwendungsbereichen illustriert. Zu den massgebenden Eigenschaften des Datenbankansatzes
			gehören die Mehrfachnutzung sowie die Strukturierung und Beschreibung der Daten. Weiter
			wurden die Vorteile der Trennung von Daten und Anwendungen und die verschiedenen
			Merkmale zur Gewährleistung einer hohen Zuverlässigkeit und Datensicherheit behandelt,
			namentlich die Konzepte der Transaktionen und der Datensichten.</paragraph>
			
	    **********************************************missing**********************************-->
	    
	  		
			
	</summary>
	<furtherReading>
		<resItem bibIDRef="b4">Einführung ins Thema Informationssysteme und Datenbanken, en allemand</resItem>
	</furtherReading>
	<glossary>
 
	    <definition term="Dimensions of Information" bibIDRef="b5">Die Informationstheorie
	        unterscheidet drei Dimensionen einer Information, die syntaktische, die semantische und
	        die pragmatische. Nehmen wir als Beispiel eine Verkehrsampel. In der syntaktischen
	        Dimension unterscheiden wir drei Farben, rot gelb, grün. Ihren Sinn bekommt die Ampel
	        aber erst in der semantischen Dimension. Hier wird den Farben ihre Bedeutung zugeordnet.
	        Rot hat die Bedeutung halt, grün bedeutet freie Fahrt. Erst in der pragmatischen
	        Dimension aber wird das Ampelsignal für die Verkehrsregelung brauchbar. Pragmatisch
	        bedeutet das rote Licht, als Autofahrer muss ich anhalten.</definition>
	    <definition term="Syntax" bibIDRef="b6">- Lehre vom Satz - Lehre von den Regeln, wonach in
	        Sprache(n) aus den Wörtern zusammengehörige Wortgruppen gebildet werden - Lehre von der
	        Kombination von Wörtern zu Sätzen 'syntaxis' heißt auf griechisch Zusammenstellung,
	        Anordnung, Aneinanderreihung </definition>
	    <definition term="Konzeptionell">Duden: Einem Werk zugrundeliegende Anschauung, Leitidee
	        Datenmodell: unabhängig von einer bestimmten Technologie</definition>
	    <definition term="Redundanz">Bezeichnet die mehrfache Speicherung gleicher Daten an
	        verschiedenen Stellen (einer Datenbank).</definition>
	    <definition term="Geodaten">Unter Geodaten oder raumbezogenen Daten versteht man
	        Datenobjekte, die durch eine Position im Raum direkt oder indirekt referenzierbar sind.
	        Der Raum ist dabei definiert durch ein Koordinatensystem, das den Bezug zur
	        Erdoberfläche herstellt. Geodaten werden in der Regel grafisch in Papierform oder an
	        graphikfähigen Bildschirmen präsentiert. Aus informationstechnischer Sicht kann man die
	        Daten, die wiederum zu Geodaten gehören, einteilen in: · Geometrie (Position und
	        geometrische Ausprägung) · Topologie (explizit gespeicherte geometrisch-topologische
	        Beziehungen) · Präsentation (graphische Ausprägungen wie Signaturen, Farbe, Typographie)
	        · Sachdaten (alphanumerische Daten zur Beschreibung der Semantik) Geodaten stellen in
	        der Informationsverarbeitung eine besondere Herausforderung dar. Die Gründe dafür sind:
	        · der hohe Aufwand für die Erfassung · die große Menge der anfallenden Daten · die
	        geforderten Antwortzeiten beim Zugriff auf Geodaten · die Verarbeitung nach räumlichen
	        Kriterien sowie · die Komplexität der Beziehungen</definition>
	    <definition term="Metadaten">Meta ist ein Präfix, der in den meisten
	        informationstechnologischen Anwendungen "eine zugrundeliegende Definition oder
	        Beschreibung" meint. Metadaten sind also eine Definition oder Beschreibung von Daten.
	        Man spricht auch von "Daten über Daten".</definition>
	    <definition term="WAP">Das Wireless Application Protocol - kurz: WAP - ist der wichtigste
	        Standard, um Internetkommunikation und interaktive Dienste für Handys und andere mobile
	        Endgeräte zu realisieren. Nachrichten aus dem Internet abrufen, Börsenkurse abfragen,
	        Flugtickets buchen.</definition>
	   
	    
	 


	    <definition term="Données (plus précisément données numériques)">La présentation de faits, 
	        d'informations ou de concepts qui sont créés 
	        sous une forme lisible par un ordinateur ou qui sont traduits afin de l'être.</definition>
	    <definition term="Information" bibIDRef="b4">L'information est une réponse utilisable à 
	        une question concrète. </definition>
	    <definition term="Données et bases de données"> Un paquet de données qui sont vues par l'opérateur comme allant ensemble 
	        plus des données supplémentaires utilisées par le SGBD pour travailler 
	        correctement sont appelées une base de données. </definition>
	    <definition term="Systèmes de gestion de base de données"> Un système de gestion de base de données (SGBD)est 
	        un logiciel pour le stockage et la gestion des données persistente, 
	        fiable et indépendante de l'application. Mais aussi pour une utilisation 
	        flexible et simple de grandes bases de données utilisées de façon concurrentielle. </definition>
	    <definition term="Système de base de données"> Un système de base de données (SBD) comprend le SGBD 
	        et une ou plusieurs bases de données.</definition>
	    <definition term="Système d'information"> Un système d'information prolonge la base de 
	        données avec un ensemble d' outils logiciel pour interroger, visualiser, 
	        transformer et analyser les données.</definition>
	    <definition term="Système d'information géographique (SIG)">
	        Un système d'information géographique permet d'acquérir, 
	        de stocker, d'analyser et de visualiser toutes les données qui décrivent une 
	        portion du territoire.</definition>
	    <definition term="Données structurées">Les données sont dites structurées si 
	        elles peuvent être systématiquement subdivisées et liées.</definition>
	        

		
	</glossary>
	<bibliography>
		<book bibID="b4" author="ZEHNDER, C.A." publicationPlace="Zürich" publicationYear="1998"
			publisher="vdf Hochschulverlag AG" title="Informationssysteme und Datenbanken"/>
		<contributionInBook bibID="b1" author="DITTRICH, K." editor="RECHENBERG, P., POMBERGER, G."
			pageNr="875-908" publicationPlace="Wien" publicationYear="1999"
			publisher="Carl Hanser    Verlag" title="Informatik-Handbuch"
			titleOfContribution="Datenbanksysteme"/>
		<book bibID="b7" author="BARTELME, N." edition="3rd" publicationPlace="Berlin"
			publicationYear="2000" publisher="Springer"
			title="Geoinformatik - Modelle, Strukturen, Funktionen"/>
		<book bibID="b77" author="BARTELME, N." publicationYear="1989"
			title="GIS-Technologie. Geoinformationssysteme, Landinformationssysteme und ihre Grundlagen"
			publisher="Springer"/>
		<websites bibID="b5" accessedDate="31. März 2003"
			url="http://www.foraus.de/download/aktuelles/hl_ausb_m_lernaufg.pdf"/>
		<websites bibID="b6" accessedDate="25. Oktober 2004" author="WARTH, D."
			url="http://www.fask.uni-mainz.de/inst/iaspk/Linguistik/Syntax/Was.html"/>
		<websites bibID="b8" accessedDate="29. Juni 2005" title="SBB: Online Fahrplan"
			author="SBB AG" url="http://www.sbb.ch/" publicationYear="2005"/>
		<websites bibID="b9" accessedDate="29. Juni 2005"
			title="Netzwerk von Bibliotheken und Informationsstellen in der Schweiz"
			author="Lierz, W., Scherer, E." publicationPlace="Zürich" publicationYear="2004"
			url="http://www.nebis.ch/"/>
	</bibliography>
	<metadata role="student">
		<organisation level="Basic" module="DM">
			<creationPosition>
				<!--<posNumber>4</posNumber>-->
				<previous>none</previous>
				<following>DBSysConcept</following>
			</creationPosition>
		</organisation>
		<prerequisites>
			<preReqItem label="none"/>
		</prerequisites>
		<keywords>
			<keywordItem>Database Management</keywordItem>
		</keywords>
		<technical>
			<technicalRequirement>
				<type>PlugIn</type>
				<name>Flash</name>
				<minimumVersion>6.0 (MX)</minimumVersion>
				<downloadURL>http://www.macromedia.com/shockwave/download/download.cgi</downloadURL>
				
			</technicalRequirement>
		</technical>
		<lessonInfo>
			<language language="fr" derived="yes" originalLanguage="de"/>
			<lifecycle>
				<version creationDate="2003-03-31" modificationDate="2005-12-20">2</version>
				<contribute>
					<person responsible="Overall" name="Susanne Bleisch" email="s.bleisch@fhbb.ch"
						institute="FHBB" departement="VGI"/>
					<person responsible="Overall" name="Stephan Nebiker" email="s.nebiker@fhbb.ch"
						institute="FHBB" departement="VGI">Vorwiegend Konzepte und Korrekturen</person>
					<person responsible="Revision" name="Susanne Bleisch" email="s.bleisch@fhbb.ch"
						institute="FHBB" departement="VGI">Update for version 2 (eLML and
					CC)</person>
				    <person  responsible="Specials" name="Dominique Schneuwly" 
				        email="dominique.schneuwly@unifr.ch" institute="UNIFR" departement="IGUF"
				        >Update for elml 3</person>
				</contribute>
				<commentsNextVersion>evt. mehr Interaktionen und Animationen; evt. Selbsttest-Quiz;
					echter Vergleich DB-dateibasiert, nicht nur Vorteile DB, Nachteile dateibasiert;
					evt. Brücken-(Mini)-Lesson: Datenverwaltung-Geodaten, Zsf. der Lessons in
					Verbindung zu Geodatenverwaltung, Ausblick Geodatenverwaltung; --- update 1.1 -
					kleine Korrekturen in Text und Layout; Version 2 = eLML und Creative Commons
					Ready</commentsNextVersion>
			</lifecycle>
			<educational>
				<difficulty>Medium</difficulty>
				<typicalLearningTime>
				    <time> environ 3 heures. </time>
					<description>Durchschnittswert aus der Testphase Februar 2003 mit
						FHBB-Studierenden</description>
				</typicalLearningTime>
			</educational>
		</lessonInfo>
		<rights>
			<cost>no</cost>
			<copyright>GITTA 2000-2005</copyright>
		</rights>
	</metadata>
</lesson>
